SET FOREIGN_KEY_CHECKS=0;

INSERT INTO department (department_name)
VALUES ("Human Resources"),
       ("Operations"),
       ("Engineers"),
       ("Instrumentation"),
       ("Management");

INSERT INTO e_role (id, role_title, salary, department_id, e_role)
VALUES (20, "Management", 150000, 5, "HR Supervisor"),
       (21, "HR", 120000, 1, "HR Lead A"),
       (22, "HR", 110000, 1, "HR B"),
       (23, "HR", 95000, 1, "HR C"),
       (24, "HR", 95000, 1, "HR C"),
       (25, "HR", 85000, 1, "HR Trainee"),
       (30, "Management", 150000, 5, "Ops Supervisor"),
       (31, "Operations", 120000, 2, "Operator Lead A"),
       (32, "Operations", 120000, 2, "Operator A"),
       (33, "Operations", 120000, 2, "Operator B"),
       (34, "Operations", 110000, 2, "Operator B"),
       (35, "Operations", 95000, 2, "Operator C"),
       (36, "Operations", 85000, 2, "Operator Trainee"),
       (40, "Management", 150000, 5, "Engineer Supervisor"),
       (41, "Engineer", 130000, 3, "Engineer Lead A"),
       (42, "Engineer", 130000, 3, "Engineer A"),
       (43, "Engineer", 110000, 3, "Engineer B"),
       (44, "Engineer", 110000, 3, "Engineer B"),
       (50, "Management", 150000, 5, "Instrumentation Supervisor"),
       (51, "Instrumentation", 120000, 4, "Tech Lead A"),
       (52, "Instrumentation", 950000, 4, "Tech C"),
       (53, "Instrumentation", 950000, 4, "Tech C"),
       (54, "Instrumentation", 850000, 4, "Tech Trainee");

INSERT INTO employee (id, first_name, last_name, e_role_id, manager_id)
VALUES (1, "Irene", "Flemming", 20, 212),
       (2, "Mayble", "Payne", 21, 0),
       (3, "Connie", "Brooks", 22, 0),
       (4, "Sarah", "Sullivan", 23, 0),
       (5, "Ken", "Richards", 24, 0),
       (6, "Alejandro", "Fernandez", 25, 0), 
       (7, "Brian", "Ball", 30, 164),
       (8, "Lucas", "Hunt", 31, 0),
       (9, "Warren", "Norris", 32, 0),
       (10, "Shane", "Arnold", 33, 0),
       (11, "Kenny", "Garner", 34, 0),
       (12, "Philip", "Cummings", 35, 0),
       (13, "Jane", "Lane", 36, 0),
       (14, "Sonia", "Collins", 40, 951),
       (15, "Tiffany", "Wilson", 41, 0),
       (16, "Martha", "Wolfe", 42, 0),
       (17, "James", "Henderson", 43, 0),
       (18, "Olga", "Bennett", 44, 0),
       (19, "Alonzo", "Wise", 50, 354),
       (20, "Zachary", "Little", 51, 0),
       (21, "Henery", "Day", 52, 0),
       (22, "Bobby", "Davis", 53, 0),
       (23, "Jesse", "Roy", 54, 0);